{
  "matrix": [
    [
      0.8199583766171963,
      0.7789428815004262,
      0.8609738717339663
    ],
    [
      0.8229161848340438,
      0.7965957284467136,
      0.8492366412213741
    ],
    [
      1.0,
      1.0,
      1.0
    ],
    [
      0.8758089229675515,
      0.8021538336839545,
      0.9494640122511485
    ]
  ],
  "row_labels": [
    "entity",
    "morphology",
    "pragmatics",
    "cognitive",
    "visual",
    "translation"
  ],
  "col_labels": [
    "mean_iaa",
    "min_iaa",
    "max_iaa"
  ],
  "summary": {
    "morphology": {
      "mean": 0.8199583766171963,
      "min": 0.7789428815004262,
      "max": 0.8609738717339663,
      "count": 2
    },
    "pragmatics": {
      "mean": 0.8229161848340438,
      "min": 0.7965957284467136,
      "max": 0.8492366412213741,
      "count": 2
    },
    "visual": {
      "mean": 1.0,
      "min": 1.0,
      "max": 1.0,
      "count": 1
    },
    "translation": {
      "mean": 0.8758089229675515,
      "min": 0.8021538336839545,
      "max": 0.9494640122511485,
      "count": 2
    }
  }
}